FIRSTNAME,SEX
ABAGAIL,F
ABAGIL,F
ABBEY,F
ABBIE,F
ABBIGALE,F
ABBY,F
ABBYGAIL,F
ABERTINE,F
ABIGAIL,F
ABIGAL,F
ABIGALE,F
ABIGALL,F
ABIGEL,F
ABIGIL,F
ABISHAG,F
ADA,F
ADABEL,F
ADAH,F
ADALAID,F
ADALAIDE,F
ADALHEID,F
ADALINE,F
ADAMINA,F
ADDIE,F
ADEANA,F
ADELA,F
ADELAIDE,F
ADELE,F
ADELIA,F
ADELINA,F
ADELINE,F
ADELIZA,F
ADELL,F
ADELLA,F
ADELLE,F
ADINA,F
ADLENE,F
ADRIA,F
ADRIANA,F
ADRIANE,F
ADRIANNE,F
ADRIENNE,F
AFRA,F
AGATHA,F
AGGIE,F
AGNES,F
AGNETA,F
AGUSTA,F
AIDA,F
AILEEN,F
AILIE,F
AILSA,F
AIME,F
AIMEE,F
AINA,F
AINE,F
AISHA,F
AISLING,F
AITHNE,F
ALAINE,F
ALANA,F
ALANE,F
ALANNA,F
ALATHEA,F
ALAYNA,F
ALAYNE,F
ALBERTA,F
ALBERTENE,F
ALBERTINA,F
ALBERTINE,F
ALBINA,F
ALBREDA,F
ALCIE,F
ALDA,F
ALDEA,F
ALDORA,F
ALEEN,F
ALEENE,F
ALEINE,F
ALENA,F
ALENDA,F
ALENE,F
ALETHA,F
ALETHEA,F
ALETTE,F
ALEXA,F
ALEXANDRA,F
ALEXANDRIA,F
ALEXANDRINA,F
ALEXENA,F
ALEXIA,F
ALEXIE,F
ALEXINA,F
ALEXINE,F
ALEXIS,F
ALEY,F
ALEZI,F
ALFREDA,F
ALI,F
ALICE,F
ALICIA,F
ALIDA,F
ALIENE,F
ALINA,F
ALINE,F
ALISA,F
ALISHA,F
ALISON,F
ALISSA,F
ALITHEA,F
ALIX,F
ALJIA,F
ALLA,F
ALLEAN,F
ALLEEN,F
ALLEGRA,F
ALLENE,F
ALLES,F
ALLICE,F
ALLIE,F
ALLIENE,F
ALLIN,F
ALLINE,F
ALLIS,F
ALLISON,F
ALLYSON,F
ALMA,F
ALMEDA,F
ALMENA,F
ALMETA,F
ALMIRA,F
ALODIE,F
ALOIA,F
ALOISA,F
ALTA,F
ALTHA,F
ALTHEA,F
ALTHEDA,F
ALTIE,F
ALVA,F
ALVENA,F
ALVINA,F
ALWYNE,F
ALYCE,F
ALYCIA,F
ALYNE,F
ALYS,F
ALYSIA,F
ALYSON,F
ALYSSA,F
AMA,F
AMABEL,F
AMABELLE,F
AMALEA,F
AMALIA,F
AMALTHEA,F
AMANA,F
AMANDA,F
AMARA,F
AMARIS,F
AMARYLLIS,F
AMATA,F
AMBER,F
AMBERLY,F
AMBROSINE,F
AMELIA,F
AMELIE,F
AMEY,F
AMIA,F
AMICA,F
AMIE,F
AMINA,F
AMINTA,F
AMPLIAS,F
AMY,F
ANA,F
ANABEL,F
ANABELLA,F
ANASTASIA,F
ANCE,F
ANDRA,F
ANDREA,F
ANDREAN,F
ANDREANA,F
ANDREE,F
ANDREENA,F
ANDRETTE,F
ANDREWINA,F
ANETTA,F
ANETTE,F
ANGELA,F
ANGELE,F
ANGELEN,F
ANGELENE,F
ANGELIA,F
ANGELICA,F
ANGELINA,F
ANGELINE,F
ANGELIQUE,F
ANGELITA,F
ANGELYNN,F
ANGHARAD,F
ANGIE,F
ANGUSINA,F
ANICE,F
ANIELA,F
ANIKA,F
ANIS,F
ANISE,F
ANITA,F
ANJA,F
ANN,F
ANNA,F
ANNABEL,F
ANNABELLA,F
ANNABELLE,F
ANNALIE,F
ANNALISA,F
ANNAMARIE,F
ANNE,F
ANNELIESE,F
ANNEMARIE,F
ANNESS,F
ANNET,F
ANNETT,F
ANNETTA,F
ANNETTE,F
ANNICE,F
ANNIE,F
ANNIKA,F
ANNIS,F
ANNITA,F
ANNMARIE,F
ANNORA,F
ANNTHEA,F
ANNTOINETTE,F
ANNY,F
ANONA,F
ANORA,F
ANOUSKA,F
ANSTICE,F
ANTHA,F
ANTHEA,F
ANTIONETT,F
ANTOINETT,F
ANTOINETTE,F
ANTONETTA,F
ANTONETTE,F
ANTONIA,F
ANTONINA,F
ANWEN,F
ANYA,F
APHRA,F
APRIL,F
ARABELL,F
ARABELLA,F
ARAMINTA,F
ARDELLA,F
ARDIS,F
ARDITH,F
ARETA,F
ARIANA,F
ARIANE,F
ARIEL,F
ARIELLA,F
ARLANA,F
ARLEEN,F
ARLENE,F
ARLETTA,F
ARLETTE,F
ARLINE,F
ARLIS,F
ARLYNE,F
ARMILLA,F
ARMINA,F
ARMINTA,F
ARNETTA,F
ARTELIA,F
ARTENA,F
ARTHENE,F
ARTHURETTA,F
ARTHURINA,F
ARTINA,F
ARVA,F
ARVIE,F
ASHANTI,F
ASHLIE,F
ASHLING,F
ASIA,F
ASPASIA,F
ASTA,F
ASTOR,F
ASTRA,F
ASTRED,F
ASTRID,F
ATALANTA,F
ATALAYA,F
ATALIE,F
ATHA,F
ATHALIA,F
ATHENA,F
ATHENE,F
ATHLENE,F
ATTIE,F
AUDA,F
AUDIE,F
AUDRA,F
AUDREY,F
AUDRIE,F
AUDRY,F
AUGUSTA,F
AUGUSTINA,F
AURELIA,F
AURIEL,F
AURORA,F
AURORE,F
AUTUMN,F
AVA,F
AVARIL,F
AVEEN,F
AVICE,F
AVIS,F
AVON,F
AVRIL,F
AYANNA,F
AYESHA,F
AYLEEN,F
AYLENE,F
AYLETT,F
AYSHEA,F
AZALEA,F
AZUBA,F
AZUBAH,F
BAB,F
BABE,F
BABETTE,F
BABS,F
BAMBI,F
BARB,F
BARBARA,F
BARBARY,F
BARBIE,F
BARBRA,F
BARBY,F
BARTA,F
BARTHA,F
BASILE,F
BASILIA,F
BASILIE,F
BATHIA,F
BATHILDA,F
BATHSHEBA,F
BAUBIE,F
BEA,F
BEATA,F
BEATRICE,F
BEATRIX,F
BEATRIZ,F
BEATTIE,F
BEATTY,F
BEAULAH,F
BECKY,F
BEDELIA,F
BEE,F
BELA,F
BELINDA,F
BELLA,F
BELLE,F
BELVA,F
BELYNDA,F
BENEDETTA,F
BENEDICTA,F
BENETTA,F
BENITA,F
BENNA,F
BENTE,F
BERDIE,F
BERDINE,F
BERENICE,F
BERIT,F
BERLIN,F
BERMA,F
BERNA,F
BERNADENE,F
BERNADETT,F
BERNADETTE,F
BERNADINA,F
BERNADINE,F
BERNARDETTE,F
BERNARDINE,F
BERNETTA,F
BERNETTE,F
BERNICE,F
BERNIECE,F
BERNISCE,F
BERTA,F
BERTHA,F
BERTIE,F
BERTILDE,F
BERTINA,F
BESS,F
BESSEY,F
BESSIE,F
BESSY,F
BETH,F
BETHAN,F
BETHANNE,F
BETHANY,F
BETHEL,F
BETHIA,F
BETHSHEBA,F
BETINA,F
BETSEY,F
BETSY,F
BETT,F
BETTA,F
BETTE,F
BETTI,F
BETTIE,F
BETTINA,F
BETTINE,F
BETTY,F
BETTYE,F
BEULA,F
BEULAH,F
BEULAL,F
BEVERLY,F
BEVERLYN,F
BIANCA,F
BIDDIE,F
BIDDY,F
BIDELIA,F
BIGE,F
BINA,F
BIRD,F
BIRDIE,F
BIRGIT,F
BIRGITTA,F
BIRTHA,F
BIRTIE,F
BITHIA,F
BITHIAH,F
BITTAN,F
BLANCA,F
BLANCH,F
BLANCHE,F
BLENDA,F
BLISS,F
BLODWEN,F
BLODWYN,F
BLONNIE,F
BLOSSOM,F
BLUEBELL,F
BOADICEA,F
BOBBYE,F
BONITA,F
BONNEI,F
BONNIE,F
BONNY,F
BRANDEE,F
BRANDI,F
BRANDIE,F
BRANDY,F
BRELLA,F
BRENDA,F
BRENNA,F
BRIANA,F
BRIANN,F
BRIANNA,F
BRIANNE,F
BRIDGET,F
BRIDGETTE,F
BRIETTA,F
BRIGETTE,F
BRIGHID,F
BRIGID,F
BRIGIT,F
BRIGITTA,F
BRIGITTE,F
BRIONY,F
BRITA,F
BRITANIA,F
BRITANNIA,F
BRITNEY,F
BRITNI,F
BRITTA,F
BRITTAN,F
BRITTANIA,F
BRITTANNIA,F
BRITTANY,F
BRITTNEY,F
BROADUS,F
BRONNIE,F
BRONWEN,F
BROOKSIE,F
BROOXINE,F
BRUCINE,F
BRUNETTA,F
BRUNHILDA,F
BRYNDA,F
BUELL,F
BULAH,F
BUNA,F
BUNNY,F
BUREN,F
BURNAM,F
BURNICE,F
BURNIE,F
CAITLIN,F
CAITRIONA,F
CALANDRA,F
CALISTA,F
CALLIE,F
CALLISTA,F
CAMELIA,F
CAMELLIA,F
CAMI,F
CAMILE,F
CAMILLA,F
CAMILLE,F
CAMILO,F
CAMMELLA,F
CAMMIE,F
CAMMILLO,F
CAMMY,F
CANDACE,F
CANDI,F
CANDICE,F
CANDIDA,F
CANDIE,F
CANDIS,F
CANDY,F
CANNIE,F
CAPITOLA,F
CARA,F
CARALINE,F
CARALYN,F
CARALYNE,F
CAREN,F
CARI,F
CARILLA,F
CARIN,F
CARINA,F
CARINE,F
CARISA,F
CARISSA,F
CARITA,F
CARLA,F
CARLEEN,F
CARLEN,F
CARLENE,F
CARLESE,F
CARLETTA,F
CARLEY,F
CARLI,F
CARLIE,F
CARLINA,F
CARLINE,F
CARLITA,F
CARLOTTA,F
CARLY,F
CARLYN,F
CARLYNN,F
CARMA,F
CARMEIN,F
CARMEL,F
CARMELA,F
CARMELINA,F
CARMELITA,F
CARMELLA,F
CARMELLE,F
CARMI,F
CARMIE,F
CARMILA,F
CARMILLA,F
CARMINE,F
CARMITA,F
CAROL,F
CAROLA,F
CAROLE,F
CAROLEE,F
CAROLEEN,F
CAROLENIA,F
CAROLETTA,F
CAROLIN,F
CAROLINA,F
CAROLINDA,F
CAROLINE,F
CAROLL,F
CAROLLYN,F
CAROLYN,F
CAROLYNE,F
CAROLYNN,F
CAROLYNNE,F
CARON,F
CARONNE,F
CARRAN,F
CARREN,F
CARRETH,F
CARRI,F
CARRIE,F
CARRIN,F
CARRON,F
CARYL,F
CARYLE,F
CARYLL,F
CARYLLE,F
CARYN,F
CASANDERA,F
CASANDRA,F
CASILDA,F
CASSANDRA,F
CASSIE,F
CASSISTA,F
CATALINA,F
CATARINE,F
CATARINO,F
CATELINE,F
CATERINA,F
CATERNIA,F
CATHALEEN,F
CATHARIN,F
CATHARINA,F
CATHARINE,F
CATHERINA,F
CATHERINE,F
CATHERLEEN,F
CATHERYN,F
CATHEY,F
CATHI,F
CATHIE,F
CATHLEEN,F
CATHRENE,F
CATHRINE,F
CATHRYN,F
CATHY,F
CATRIN,F
CATRINA,F
CATRINE,F
CATRIONA,F
CECELIA,F
CECILA,F
CECILE,F
CECILIA,F
CECILIE,F
CECILY,F
CEILE,F
CEINWEN,F
CELENA,F
CELESTE,F
CELESTIN,F
CELESTINA,F
CELESTINE,F
CELIA,F
CELINA,F
CELINE,F
CELWYN,F
CERIDWEN,F
CERIES,F
CERIS,F
CERISE,F
CERRI,F
CERRIE,F
CERRIS,F
CERYS,F
CEYLON,F
CHANDA,F
CHANDRA,F
CHANEL,F
CHANTAL,F
CHANTEL,F
CHANTELE,F
CHANTELL,F
CHANTELLE,F
CHARIS,F
CHARISSA,F
CHARITY,F
CHARLA,F
CHARLAINE,F
CHARLEEN,F
CHARLENA,F
CHARLENE,F
CHARLESENA,F
CHARLESINA,F
CHARLETTA,F
CHARLINE,F
CHARLINNA,F
CHARLISA,F
CHARLITA,F
CHARLOT,F
CHARLOTTA,F
CHARLOTTE,F
CHARLOTTY,F
CHARLSIE,F
CHARMAIN,F
CHARMAINE,F
CHARMELLE,F
CHARMIAN,F
CHAROLOTTE,F
CHATTY,F
CHAVON,F
CHAVONNE,F
CHELSEA,F
CHELSIE,F
CHER,F
CHERALYN,F
CHERE,F
CHEREEN,F
CHERI,F
CHERIE,F
CHERILL,F
CHERILYN,F
CHERILYNN,F
CHERLYN,F
CHERRI,F
CHERRIE,F
CHERRIL,F
CHERRILL,F
CHERRILYN,F
CHERRY,F
CHERRYL,F
CHERRYLE,F
CHERRYLENE,F
CHERRYLIN,F
CHERRYLINE,F
CHERRYLL,F
CHERYL,F
CHERYLE,F
CHERYLENE,F
CHERYLINE,F
CHERYLL,F
CHERYLYN,F
CHEVON,F
CHEVONNE,F
CHIQUITA,F
CHLOE,F
CHLORIS,F
CHRISANDA,F
CHRISSIE,F
CHRISSY,F
CHRISTA,F
CHRISTABEL,F
CHRISTAL,F
CHRISTEEN,F
CHRISTEL,F
CHRISTELLA,F
CHRISTENE,F
CHRISTI,F
CHRISTIANA,F
CHRISTIANE,F
CHRISTIANN,F
CHRISTIANNA,F
CHRISTIANUS,F
CHRISTIE,F
CHRISTIEN,F
CHRISTINA,F
CHRISTINE,F
CHRISTOBEL,F
CHRISTY,F
CHRYSTABEL,F
CHRYSTAL,F
CICELEY,F
CICELIA,F
CICELIE,F
CICELY,F
CICILY,F
CICLEY,F
CILLA,F
CINDA,F
CINDERELLA,F
CINDI,F
CINDY,F
CISSIE,F
CISSY,F
CLAIRE,F
CLARA,F
CLARABELLE,F
CLARE,F
CLARETTE,F
CLAREY,F
CLARI,F
CLARIBEL,F
CLARICE,F
CLARIE,F
CLARINDA,F
CLARINE,F
CLARIS,F
CLARISSA,F
CLARISSE,F
CLARISSIA,F
CLARITA,F
CLARRIE,F
CLARRY,F
CLAUDEEN,F
CLAUDELLE,F
CLAUDETTE,F
CLAUDIA,F
CLAUDIE,F
CLAUDINA,F
CLAUDINE,F
CLELL,F
CLELLA,F
CLEMENCY,F
CLEMENTIA,F
CLEMENTINA,F
CLEMENTINE,F
CLEMON,F
CLEO,F
CLEOLA,F
CLEOPATRA,F
CLEORA,F
CLETA,F
CLIO,F
CLODAGH,F
CLOHIE,F
CLORA,F
CLORICE,F
CLORINDA,F
CLOTILDA,F
CLOTILDE,F
CLOVER,F
CLYDA,F
COLEEN,F
COLENA,F
COLENE,F
COLETTA,F
COLETTE,F
COLINA,F
COLLEEN,F
COLLETTA,F
COLLETTE,F
COLSON,F
COMMIE,F
CONCETTA,F
CONCHITA,F
CONNIE,F
CONSTANCE,F
CONSTANTIA,F
CONSUELA,F
CONSUELLA,F
CORA,F
CORAL,F
CORALEE,F
CORALENA,F
CORALIE,F
CORALINA,F
CORALINE,F
CORALYN,F
CORBETTA,F
CORDA,F
CORDELIA,F
CORDIA,F
CORDIE,F
CORDINE,F
CORDULA,F
COREAN,F
COREEN,F
COREITA,F
CORENE,F
CORETTE,F
CORIENNE,F
CORIN,F
CORINA,F
CORINE,F
CORINN,F
CORINNA,F
CORINNE,F
CORLISS,F
CORNALIA,F
CORNEIL,F
CORNELIA,F
CORONA,F
CORREEN,F
CORRENE,F
CORRINA,F
CORRINE,F
CORRINNA,F
CORRYE,F
COSSIE,F
COVA,F
CRISSEY,F
CRISSIE,F
CRISSY,F
CRISTA,F
CRISTAL,F
CRISTINA,F
CRISTINE,F
CRYSTAL,F
CRYSTLE,F
CRYSTOL,F
CUBA,F
CULITA,F
CYLVIA,F
CYNDI,F
CYNTHIA,F
DACIA,F
DAFF,F
DAFFY,F
DAGMAR,F
DAHLIA,F
DAISEY,F
DAISIE,F
DAISY,F
DALIA,F
DALILA,F
DALLIE,F
DAMARAS,F
DAMARIS,F
DAMERIS,F
DAMIRIS,F
DAMMERIS,F
DAMRIS,F
DANAL,F
DANEAL,F
DANEEN,F
DANELLA,F
DANETTA,F
DANETTE,F
DANIAL,F
DANICE,F
DANIELA,F
DANIELE,F
DANIELLA,F
DANIELLE,F
DANILL,F
DANISE,F
DANITA,F
DANNA,F
DANNE,F
DANNETTE,F
DANNIELLE,F
DANYA,F
DANYELE,F
DANYELLE,F
DAPHINE,F
DAPHNE,F
DAPHNEY,F
DAPHNY,F
DARA,F
DARCIA,F
DARCIE,F
DARIA,F
DARICE,F
DARIEN,F
DARLA,F
DARLEEN,F
DARLENE,F
DARLIA,F
DARRELLYN,F
DARRIAN,F
DARYA,F
DARYLLYN,F
DASEY,F
DASI,F
DASIE,F
DAVEEN,F
DAVENA,F
DAVENE,F
DAVENIA,F
DAVENNA,F
DAVID,F
DAVIDA,F
DAVINA,F
DAVINE,F
DAVINIA,F
DAWN,F
DAWNA,F
DAWNE,F
DAWNETTA,F
DAWNIELLE,F
DAWNN,F
DAYNA,F
DEA,F
DEANA,F
DEANDRE,F
DEANN,F
DEANNA,F
DEANNE,F
DEB,F
DEBBIE,F
DEBBORA,F
DEBBRA,F
DEBBY,F
DEBDRAH,F
DEBERA,F
DEBERAH,F
DEBI,F
DEBORA,F
DEBORAH,F
DEBORHA,F
DEBORRAH,F
DEBRA,F
DEBRAH,F
DECIMA,F
DEDE,F
DEE,F
DEEANNA,F
DEENA,F
DEIDRA,F
DEIDRE,F
DEIDRIE,F
DEIRDRE,F
DELANIA,F
DELCIE,F
DELESHA,F
DELIA,F
DELICE,F
DELICIA,F
DELILAH,F
DELISA,F
DELISE,F
DELISHA,F
DELISIAH,F
DELLA,F
DELLIE,F
DELMA,F
DELORA,F
DELORES,F
DELORIS,F
DELOYCE,F
DELPHA,F
DELPHE,F
DELPHI,F
DELPHIA,F
DELPHINE,F
DELSIE,F
DELTA,F
DELWYN,F
DELYA,F
DELYS,F
DELYSE,F
DELYSIA,F
DELYTH,F
DEMA,F
DEMARAS,F
DEMARIS,F
DEMELZA,F
DENA,F
DENCIE,F
DENDI,F
DENDY,F
DENEICE,F
DENESE,F
DENICE,F
DENIECE,F
DENIES,F
DENISE,F
DENIZE,F
DENNES,F
DENNICE,F
DENNISE,F
DENNYS,F
DENVA,F
DENYCE,F
DENYS,F
DENYSE,F
DERENDA,F
DERINDA,F
DERRINE,F
DERRON,F
DERYN,F
DESDAMONA,F
DESDEMONA,F
DESDEMONIA,F
DESHA,F
DESIRE,F
DESIREE,F
DESMONA,F
DESNA,F
DESNE,F
DESNEY,F
DESSA,F
DESSEY,F
DESSIE,F
DESYRE,F
DETTA,F
DEVATA,F
DEVEAN,F
DEVEEN,F
DEVENE,F
DEVONA,F
DEVONNA,F
DEVORAH,F
DEVRA,F
DIAN,F
DIANA,F
DIANE,F
DIANN,F
DIANNA,F
DIANNE,F
DIANTHE,F
DICIE,F
DIDI,F
DIEDRA,F
DIEDRE,F
DIERDRE,F
DIERDRIE,F
DILLIE,F
DILYS,F
DIMPLE,F
DINA,F
DINAH,F
DINDIE,F
DIONE,F
DIONNA,F
DIONNE,F
DIONYSIA,F
DIONYSIUS,F
DIVINA,F
DIVINIA,F
DIXIE,F
DOCIA,F
DODO,F
DOLA,F
DOLL,F
DOLLIE,F
DOLLY,F
DOLORES,F
DOLORITA,F
DOMINA,F
DOMINICA,F
DOMINIQUE,F
DONA,F
DONALDA,F
DONALDINA,F
DONALEEN,F
DONELDA,F
DONELLA,F
DONELLIA,F
DONETTE,F
DONITA,F
DONNA,F
DONNELLA,F
DONNELLE,F
DONNIA,F
DORA,F
DORAH,F
DORALICE,F
DORANCE,F
DORCAS,F
DORCIA,F
DOREEN,F
DORENE,F
DORETHA,F
DORETHEA,F
DORETTE,F
DORI,F
DORIA,F
DORIANA,F
DORIANNE,F
DORICE,F
DORIE,F
DORINDA,F
DORIS,F
DORIT,F
DORITA,F
DORITHA,F
DORITT,F
DORLISA,F
DOROTHA,F
DOROTHEA,F
DOROTHY,F
DORRIEN,F
DORRIS,F
DORRIT,F
DORSIE,F
DORTHA,F
DORTHIE,F
DORTHY,F
DOSHA,F
DOSHIA,F
DOT,F
DOTHY,F
DOTTIE,F
DOTTY,F
DOVA,F
DOVE,F
DOVIE,F
DREENA,F
DRENA,F
DREWSILA,F
DRINA,F
DRUANNE,F
DRUCELLA,F
DRUCILLA,F
DRUISILLA,F
DRUNETTE,F
DRUSCILLA,F
DRUSILLA,F
DUANA,F
DULCE,F
DULCEA,F
DULCIA,F
DULCIBELLA,F
DULCIE,F
DULCINE,F
DULCINEA,F
DULSIE,F
DURA,F
DUSTINE,F
DYANNE,F
DYLIS,F
DYLLIS,F
DYLYS,F
DYMPHNA,F
DYMPNA,F
EARLEAN,F
EARLEE,F
EARLEEN,F
EARLENA,F
EARLENE,F
EARLINA,F
EARLINDA,F
EARLINE,F
EARLY,F
EARNESTINE,F
EARSEL,F
EARTHA,F
EASTER,F
EBBONY,F
EBONEY,F
EBONI,F
EBONIE,F
EBONY,F
EBONYI,F
EDA,F
EDDYE,F
EDIE,F
EDITH,F
EDITHA,F
EDITHMARY,F
EDMEE,F
EDMONIA,F
EDNA,F
EDNAH,F
EDRA,F
EDRICE,F
EDRIE,F
EDWEENA,F
EDWENA,F
EDWINA,F
EDWYNA,F
EDYTH,F
EDYTHA,F
EDYTHE,F
EFFA,F
EFFAM,F
EFFIE,F
EGIDIA,F
EIFIONA,F
EILEAN,F
EILEEN,F
EILEY,F
EILIDH,F
EILISH,F
EILLEEN,F
EILUNED,F
EILWEN,F
EILY,F
EIRENE,F
EIRIAN,F
EITHNE,F
ELAINA,F
ELAINE,F
ELANOR,F
ELANORE,F
ELAYN,F
ELAYNE,F
ELBA,F
ELBERTA,F
ELDA,F
ELDORA,F
ELDRED,F
ELDREDA,F
ELEANA,F
ELEANOR,F
ELEANORA,F
ELEANORE,F
ELEAZAR,F
ELEN,F
ELENA,F
ELENI,F
ELENOR,F
ELENORA,F
ELENORAH,F
ELFREDA,F
ELFRIDA,F
ELFRIDE,F
ELFRIEDE,F
ELGA,F
ELGIE,F
ELIA,F
ELIDA,F
ELIGE,F
ELIHU,F
ELIN,F
ELINA,F
ELINDA,F
ELINED,F
ELINOR,F
ELISA,F
ELISABET,F
ELISABETH,F
ELISE,F
ELISHER,F
ELISSA,F
ELITA,F
ELIZA,F
ELIZABETH,F
ELKE,F
ELLA,F
ELLAINE,F
ELLALINE,F
ELLE,F
ELLEN,F
ELLENORA,F
ELLIE,F
ELLIN,F
ELLINE,F
ELLINER,F
ELLISSA,F
ELMA,F
ELMENA,F
ELMINA,F
ELMIRA,F
ELMYRA,F
ELNA,F
ELNORA,F
ELOINE,F
ELOISA,F
ELOISE,F
ELON,F
ELOUISE,F
ELOY,F
ELPETH,F
ELSA,F
ELSBETH,F
ELSIA,F
ELSIE,F
ELSPETH,F
ELSPIE,F
ELTA,F
ELUNED,F
ELVA,F
ELVERA,F
ELVIA,F
ELVINA,F
ELVIRA,F
ELWINA,F
ELYN,F
ELYSE,F
ELYSIA,F
ELZA,F
ELZBTH,F
ELZIE,F
EMALINE,F
EMANUELA,F
EMBLYN,F
EMELEN,F
EMELIA,F
EMELINE,F
EMELY,F
EMELYN,F
EMILEY,F
EMILIA,F
EMILIE,F
EMILINE,F
EMILY,F
EMLEN,F
EMLYN,F
EMMA,F
EMMADELL,F
EMMALENE,F
EMMALINDA,F
EMMALINE,F
EMMANUELLA,F
EMMELINE,F
EMMIE,F
EMMILINE,F
EMMOGENE,F
EMMYLOU,F
EMOGENE,F
EMYLIN,F
EMYLYNN,F
ENA,F
ENID,F
ENOLA,F
ENRIKA,F
EPHIE,F
EPPIE,F
EQUILLA,F
ERA,F
ERICA,F
ERIE,F
ERIKA,F
ERIN,F
ERINA,F
ERINN,F
ERLENE,F
ERLINE,F
ERMA,F
ERMINE,F
ERMON,F
ERNA,F
ERNESTA,F
ERNESTINA,F
ERNESTINE,F
ERROLYN,F
ERSIE,F
ERYN,F
ESMA,F
ESMARELDA,F
ESME,F
ESMEE,F
ESMERALDA,F
ESMERELDA,F
ESMERILDA,F
ESMIRALDA,F
ESPERANZA,F
ESSEY,F
ESSIE,F
ESSY,F
ESTA,F
ESTEE,F
ESTEL,F
ESTELA,F
ESTELINA,F
ESTELL,F
ESTELLA,F
ESTELLE,F
ESTER,F
ESTHER,F
ESTIL,F
ESTILL,F
ESTLE,F
ESTRELLA,F
ESTRENE,F
ESTRID,F
ETHA,F
ETHEL,F
ETHELBERTA,F
ETHELDRED,F
ETHELDREDA,F
ETHELEEN,F
ETHELENA,F
ETHELINA,F
ETHELIND,F
ETHELINDA,F
ETHELINDE,F
ETHELINE,F
ETHELLE,F
ETHELWIN,F
ETHELWYN,F
ETHELWYNE,F
ETHELWYNNE,F
ETHNA,F
ETHNE,F
ETHNEA,F
ETHNEE,F
ETHYL,F
ETIENNE,F
ETTA,F
ETTIE,F
ETTY,F
EUDORA,F
EUGA,F
EUGENIA,F
EUGENIE,F
EULA,F
EULAH,F
EULALIA,F
EULALIE,F
EULENA,F
EUNA,F
EUNICE,F
EUPHAN,F
EUPHEMIA,F
EUPHIE,F
EUPLE,F
EURA,F
EURANIA,F
EURIE,F
EUSTACIA,F
EVA,F
EVADNE,F
EVADNIE,F
EVAGELINE,F
EVALEE,F
EVALEEN,F
EVALENA,F
EVALINE,F
EVALYN,F
EVANGELINA,F
EVANGELINE,F
EVE,F
EVELEEN,F
EVELENA,F
EVELINA,F
EVELINE,F
EVELYN,F
EVELYNN,F
EVERELDA,F
EVERETTE,F
EVERILDA,F
EVERLEANA,F
EVETTE,F
EVIE,F
EVITA,F
EVONNE,F
EXIE,F
EZELL,F
FABIANA,F
FABRIENNE,F
FAE,F
FAIRY,F
FAITH,F
FANIE,F
FANNEY,F
FANNIE,F
FANNY,F
FANNYE,F
FANYA,F
FATIMA,F
FATMA,F
FATMEH,F
FAUSTINA,F
FAWN,F
FAY,F
FAYE,F
FAYRINE,F
FAYTH,F
FEDORA,F
FELECIA,F
FELICE,F
FELICIA,F
FELICITA,F
FELICITY,F
FENELLA,F
FEODORA,F
FERN,F
FERNE,F
FIANCE,F
FIDELIA,F
FIDELLA,F
FIDELMA,F
FIFI,F
FINELLA,F
FINOLA,F
FIONA,F
FLAVIA,F
FLAVIE,F
FLAVIEN,F
FLEUR,F
FLEURETTE,F
FLODINE,F
FLOELLA,F
FLOIE,F
FLONNIE,F
FLORA,F
FLORANCE,F
FLORANN,F
FLORANNE,F
FLORE,F
FLOREAN,F
FLORELLA,F
FLORELLE,F
FLOREN,F
FLORENCE,F
FLORENCELL,F
FLORENE,F
FLORENTINA,F
FLORENTINE,F
FLORETTA,F
FLORETTE,F
FLORIA,F
FLORICE,F
FLORIDA,F
FLORIE,F
FLORIEN,F
FLORIMEL,F
FLORINA,F
FLORINDA,F
FLORINE,F
FLORIS,F
FLORISE,F
FLORRIE,F
FLORRY,F
FLORY,F
FLOSS,F
FLOSSIE,F
FLOSSY,F
FLOY,F
FLOYCE,F
FONDA,F
FORTUNA,F
FORTUNATA,F
FOY,F
FRANCENA,F
FRANCENE,F
FRANCESCA,F
FRANCESS,F
FRANCETTA,F
FRANCETTE,F
FRANCIE,F
FRANCINA,F
FRANCINE,F
FRANCOISE,F
FRANCYNE,F
FRANKIE,F
FRANNIE,F
FRANNY,F
FRANZETTA,F
FREADA,F
FREDA,F
FREDALENA,F
FREDALINE,F
FREDERICA,F
FREDERICKA,F
FREDERIKA,F
FREDERIQUE,F
FREDITH,F
FREDORA,F
FREDRICA,F
FREDRICIA,F
FREDRICKA,F
FREDRIKA,F
FREEDA,F
FREIDA,F
FREJA,F
FRELLA,F
FREYA,F
FREYJA,F
FRIDA,F
FRIEDA,F
FRITZI,F
FRONA,F
FRONIA,F
FRONIE,F
FRONNIE,F
GABI,F
GABRIELE,F
GABRIELLA,F
GABRIELLE,F
GABY,F
GAEL,F
GAENOR,F
GAIL,F
GAILA,F
GAILE,F
GALA,F
GALENA,F
GALINA,F
GARNETTA,F
GARNETTE,F
GARTRUDE,F
GATHA,F
GAVRILA,F
GAY,F
GAYE,F
GAYLA,F
GAYLE,F
GAYLEEN,F
GAYLENE,F
GAYNA,F
GAYNOR,F
GEMELLE,F
GEMMA,F
GENA,F
GENDVEVA,F
GENETTA,F
GENEVA,F
GENEVE,F
GENEVIEVE,F
GENEVRA,F
GENIA,F
GENICE,F
GENIE,F
GENNIE,F
GENOVEVA,F
GEOGANNA,F
GEORGANA,F
GEORGANNA,F
GEORGEANN,F
GEORGEANNA,F
GEORGEANNE,F
GEORGEINA,F
GEORGENA,F
GEORGENE,F
GEORGETTE,F
GEORGIA,F
GEORGIANA,F
GEORGIANN,F
GEORGIE,F
GEORGIENA,F
GEORGINA,F
GEORGINE,F
GERALDA,F
GERALDEAN,F
GERALDENE,F
GERALDINE,F
GERALYN,F
GERALYNN,F
GERDA,F
GERI,F
GERILYN,F
GERMAINE,F
GERRI,F
GERRILYN,F
GERT,F
GERTHA,F
GERTIE,F
GERTINA,F
GERTRUDE,F
GERTY,F
GHISLAIN,F
GHISLAINE,F
GIANETTA,F
GIGI,F
GILBERTA,F
GILDA,F
GILIAN,F
GILION,F
GILLIE,F
GILLY,F
GINA,F
GINETTA,F
GINETTE,F
GINEVRA,F
GINGER,F
GINI,F
GINNY,F
GIOVANNA,F
GIPSY,F
GIRTHA,F
GIRTIE,F
GISELA,F
GISELE,F
GISELLE,F
GLADIS,F
GLADNESS,F
GLADWYS,F
GLADYS,F
GLAYDS,F
GLENDA,F
GLENDAL,F
GLENICE,F
GLENIS,F
GLENISE,F
GLENNA,F
GLENNIE,F
GLENNIS,F
GLENNYS,F
GLENYS,F
GLENYSE,F
GLENYSS,F
GLINDA,F
GLINNIS,F
GLINYS,F
GLORI,F
GLORIA,F
GLORIANA,F
GLORIANE,F
GLORIANNA,F
GLORIE,F
GLORIOSA,F
GLORIS,F
GLORVINA,F
GLORY,F
GLYN,F
GLYNDA,F
GLYNES,F
GLYNIS,F
GLYNNIS,F
GOBEL,F
GOBLE,F
GOEBEL,F
GOLA,F
GOLDA,F
GOLDIA,F
GOLDIE,F
GRACE,F
GRACEY,F
GRACIA,F
GRACIE,F
GRACIELA,F
GRAINNE,F
GRANIA,F
GREDEL,F
GREETA,F
GRETA,F
GRETCHEN,F
GRETEL,F
GRETHEL,F
GRETNA,F
GRETTA,F
GRISELDA,F
GUADALUPE,F
GUENEVERE,F
GUINEVERE,F
GUSSIE,F
GUSTA,F
GWEN,F
GWENDA,F
GWENDETTA,F
GWENDOLA,F
GWENDOLEN,F
GWENDOLENE,F
GWENDOLIN,F
GWENDOLINE,F
GWENDOLYN,F
GWENDOLYNE,F
GWENDOLYNN,F
GWENDOLYNNE,F
GWENETH,F
GWENFREWI,F
GWENITH,F
GWENLLIAN,F
GWENN,F
GWENNETH,F
GWENNIE,F
GWENNY,F
GWENYTH,F
GWILYM,F
GWLADYS,F
GWYN,F
GWYNEDD,F
GWYNETH,F
GWYNFA,F
GWYNNE,F
GWYNNETH,F
GYPSIE,F
GYPSY,F
HADASSAH,F
HAIDEE,F
HAILEY,F
HALCYON,F
HALEY,F
HALINA,F
HALLIE,F
HALONA,F
HANNA,F
HANNAH,F
HAPPY,F
HARALDA,F
HARELDA,F
HARLENE,F
HARLIE,F
HAROLD,F
HAROLDEEN,F
HAROLDENE,F
HARRIET,F
HARRIETT,F
HARRIETTA,F
HARRIETTE,F
HARRIOT,F
HARRIOTT,F
HASSIE,F
HATTIE,F
HATTY,F
HATTYE,F
HAVIS,F
HAYLEY,F
HAZAEL,F
HAZAL,F
HAZEL,F
HAZELINE,F
HAZELL,F
HAZELLE,F
HEATHER,F
HEBE,F
HEBER,F
HEDDA,F
HEDWIG,F
HEDY,F
HEIDE,F
HEIDI,F
HELEN,F
HELENA,F
HELENE,F
HELENKA,F
HELENOR,F
HELGA,F
HELLEN,F
HELLENOR,F
HELMA,F
HELMY,F
HELOISE,F
HELSA,F
HENERETTA,F
HENERIETTA,F
HENNY,F
HENRIETTA,F
HENRIETTE,F
HENRIKA,F
HENRYETTA,F
HEPHSIBAH,F
HEPHZIBAH,F
HEPSEY,F
HEPSIE,F
HEPSY,F
HEPZIBAH,F
HERLINDA,F
HERMA,F
HERMELINDA,F
HERMIA,F
HERMINE,F
HERMINIA,F
HERMIONE,F
HESSIE,F
HESTER,F
HESTIA,F
HETTA,F
HETTIE,F
HETTY,F
HEULWEN,F
HIEDI,F
HILAIRE,F
HILARIA,F
HILARIE,F
HILDA,F
HILDAGARD,F
HILDAGARDE,F
HILDE,F
HILDEGARD,F
HILDEGARDE,F
HILDRED,F
HILERY,F
HILIARY,F
HILLARY,F
HILLERY,F
HILLIE,F
HILMA,F
HJALMA,F
HOLLEY,F
HOLLI,F
HOLLIE,F
HOLLY,F
HONORA,F
HONORAH,F
HONORIA,F
HONORINE,F
HOPE,F
HORATIA,F
HORTENCIA,F
HORTENSE,F
HORTENSIA,F
HUGHINA,F
HULDA,F
HULDAH,F
HURBERT,F
HYLDA,F
HYPATIA,F
IANTHE,F
IBBIE,F
ICIE,F
IDA,F
IDELL,F
IDELLA,F
IDELLE,F
IEASHA,F
IEASHIA,F
IEESHA,F
IEESHIA,F
IESHA,F
IESTYN,F
ILA,F
ILEAN,F
ILEEN,F
ILENE,F
ILKA,F
ILMA,F
ILONA,F
ILSA,F
ILSABET,F
ILSE,F
IMA,F
IMALDA,F
IMELDA,F
IMOGEN,F
IMOGENE,F
IMOGINE,F
INA,F
INDIA,F
INES,F
INEZ,F
INGA,F
INGE,F
INGRID,F
INNOCENCE,F
IOLA,F
IOLANTHE,F
IOLO,F
IONA,F
IONE,F
IRENA,F
IRENE,F
IRENEE,F
IRENIE,F
IRIS,F
IRMA,F
ISA,F
ISABEL,F
ISABELL,F
ISABELLA,F
ISABELLE,F
ISADORA,F
ISHBEL,F
ISIDORA,F
ISIDORE,F
ISLA,F
ISMAY,F
ISOBEL,F
ISOBELL,F
ISOBELLE,F
ISOLA,F
ISOLDA,F
ISOLDE,F
ISOLTE,F
ITA,F
IVA,F
IVAH,F
IVALEA,F
IVANA,F
IVERNA,F
IVOREEN,F
IVORINE,F
IVORY,F
IVY,F
JACALINE,F
JACALYN,F
JACI,F
JACINTA,F
JACINTH,F
JACINTHA,F
JACINTHE,F
JACKALIN,F
JACKALYN,F
JACKLYN,F
JACKY,F
JACLYN,F
JACLYNN,F
JACOBA,F
JACOBINA,F
JACOLYN,F
JACQUALINE,F
JACQUALYN,F
JACQUALYNN,F
JACQUELEAN,F
JACQUELIN,F
JACQUELINE,F
JACQUELYN,F
JACQUELYNE,F
JACQUELYNN,F
JACQUILINE,F
JACQULENE,F
JACQULINE,F
JACQULYNN,F
JACULINE,F
JACY,F
JAEL,F
JAINE,F
JAKELYN,F
JAMELIA,F
JAMESINA,F
JAMETTA,F
JAMILA,F
JAMILLE,F
JANA,F
JANE,F
JANEL,F
JANELL,F
JANELLA,F
JANELLE,F
JANENE,F
JANESSA,F
JANET,F
JANETA,F
JANETT,F
JANETTA,F
JANETTE,F
JANEY,F
JANICE,F
JANIE,F
JANIECE,F
JANINA,F
JANINE,F
JANIS,F
JANISE,F
JANITA,F
JANN,F
JANNA,F
JANNET,F
JANNETT,F
JANNICE,F
JANNIE,F
JANNINE,F
JANNITA,F
JANORA,F
JAQUELINE,F
JAQUELLINE,F
JARRETTA,F
JASMIN,F
JASMINE,F
JASSICA,F
JAUNITA,F
JAYDE,F
JAYNE,F
JAYNEE,F
JAYNIE,F
JEANA,F
JEANE,F
JEANETTA,F
JEANETTE,F
JEANIE,F
JEANINE,F
JEANNA,F
JEANNAH,F
JEANNE,F
JEANNETTA,F
JEANNETTE,F
JEANNIE,F
JEANNINE,F
JEMINA,F
JEMMA,F
JEMMIMA,F
JEN,F
JENA,F
JENEFER,F
JENET,F
JENETT,F
JENETTA,F
JENICE,F
JENIFER,F
JENINE,F
JENNA,F
JENNEFER,F
JENNET,F
JENNETT,F
JENNETTA,F
JENNETTE,F
JENNEY,F
JENNI,F
JENNIE,F
JENNIFER,F
JENNY,F
JENOICE,F
JEPHTHA,F
JEPTHA,F
JERALDINE,F
JERI,F
JERLEAN,F
JERRI,F
JESSAMINE,F
JESSAMY,F
JESSAMYN,F
JESSEMINE,F
JESSICA,F
JESSIMINE,F
JESTINA,F
JESUSA,F
JETANA,F
JETTIE,F
JEWEL,F
JEWELL,F
JEWELLE,F
JEZEBEL,F
JILL,F
JILLIAN,F
JILLIANNE,F
JINNY,F
JOAN,F
JOANA,F
JOANIE,F
JOANN,F
JOANNA,F
JOANNAH,F
JOANNE,F
JOAQUIN,F
JOATRICE,F
JOCELIN,F
JOCELINE,F
JOCELYN,F
JOCLYN,F
JODI,F
JODIE,F
JOEANNE,F
JOELLA,F
JOELLE,F
JOELLEN,F
JOELYNN,F
JOHANNA,F
JOHNELLA,F
JOHNEY,F
JOHNNA,F
JOHNNEY,F
JOHONNA,F
JOI,F
JOIE,F
JOLEAN,F
JOLEEN,F
JOLENE,F
JOLEY,F
JOLIAN,F
JOLIE,F
JOLINDA,F
JOLLY,F
JOLYN,F
JOLYNE,F
JOLYNNE,F
JONELLA,F
JONET,F
JONI,F
JONNIE,F
JONQUIL,F
JOSALENE,F
JOSCELIN,F
JOSCELYN,F
JOSEFA,F
JOSEFINA,F
JOSELINE,F
JOSELYN,F
JOSELYNE,F
JOSEPH,F
JOSEPHA,F
JOSEPHE,F
JOSEPHENE,F
JOSEPHINA,F
JOSEPHINE,F
JOSETTE,F
JOSILINE,F
JOSLINE,F
JOSSIE,F
JOSSLYN,F
JOVITA,F
JOY,F
JOYA,F
JOYCE,F
JOYCELYN,F
JOYE,F
JOYLENE,F
JUANA,F
JUANICE,F
JUANITA,F
JUDI,F
JUDIE,F
JUDITH,F
JUDY,F
JULAIN,F
JULI,F
JULIA,F
JULIANA,F
JULIANE,F
JULIANNE,F
JULIE,F
JULIEANN,F
JULIEANNE,F
JULIEN,F
JULIENNE,F
JULIET,F
JULIETT,F
JULIETTA,F
JULIETTE,F
JUNE,F
JUNITA,F
JUSTINA,F
JUSTINE,F
KAI,F
KALEIGH,F
KANDI,F
KANDY,F
KARA,F
KARAN,F
KAREL,F
KAREN,F
KARENA,F
KARENZA,F
KAREY,F
KARI,F
KARIE,F
KARIN,F
KARINA,F
KARLA,F
KARLEEN,F
KARLENE,F
KARLI,F
KARLIE,F
KARLINE,F
KAROLINA,F
KAROLYN,F
KARON,F
KARREN,F
KARRIE,F
KARRY,F
KARY,F
KARYN,F
KASH,F
KASSANDRA,F
KATARINA,F
KATE,F
KATEY,F
KATHARINA,F
KATHARINE,F
KATHERENE,F
KATHERINE,F
KATHERN,F
KATHERYN,F
KATHI,F
KATHIE,F
KATHLEEN,F
KATHLYN,F
KATHRINE,F
KATHRYN,F
KATHRYNE,F
KATHY,F
KATIE,F
KATRIN,F
KATRINA,F
KATRINE,F
KATTIE,F
KATY,F
KAY,F
KAYE,F
KAYLA,F
KAYLEE,F
KAYLEY,F
KAZIA,F
KEALEY,F
KEALY,F
KECIA,F
KEELEY,F
KEELIE,F
KEELY,F
KEESHA,F
KEIGHLEY,F
KEILEY,F
KEILLY,F
KEILY,F
KEIRA,F
KEIRSTAN,F
KEISHA,F
KEITA,F
KEITHA,F
KELDA,F
KELLI,F
KELLIE,F
KELLY,F
KELLYE,F
KELSA,F
KENA,F
KENDIS,F
KENDRA,F
KENIA,F
KENIS,F
KENZA,F
KEREE,F
KEREN,F
KERENSA,F
KERENZA,F
KERI,F
KERREY,F
KERRI,F
KERRIANNE,F
KERRIE,F
KERRY,F
KERRYANN,F
KERSTEN,F
KERSTI,F
KERSTIE,F
KERSTIN,F
KERSTINE,F
KESHA,F
KESHIA,F
KETURAH,F
KEVA,F
KEYSHA,F
KEZIA,F
KEZIAH,F
KIA,F
KIANA,F
KIARA,F
KIELEY,F
KIELI,F
KIERA,F
KIESHA,F
KILEY,F
KIMARIE,F
KIMBA,F
KIMBELY,F
KIMBERELY,F
KIMBERLEA,F
KIMBERLEE,F
KIMBERLEI,F
KIMBERLEY,F
KIMBERLI,F
KIMBERLIE,F
KIMBERLY,F
KIMBERLYN,F
KIMBLEY,F
KIMETTE,F
KIMIKO,F
KIMMA,F
KIMMIE,F
KIMMY,F
KIRSTEEN,F
KIRSTEN,F
KIRSTIE,F
KIRSTIEN,F
KIRSTIN,F
KIRSTINE,F
KIRSTON,F
KIRSTY,F
KIRSTYN,F
KISHA,F
KISHANDA,F
KISSIE,F
KITTIE,F
KITTY,F
KIZZIE,F
KIZZY,F
KOREN,F
KORINA,F
KORRA,F
KRISTA,F
KRISTAN,F
KRISTEN,F
KRISTI,F
KRISTIE,F
KRISTIN,F
KRISTINA,F
KRISTINE,F
KRISTY,F
KRYSTINA,F
KRYSTLE,F
KRYSTYNA,F
KYLA,F
KYLIE,F
LABRENDA,F
LACARA,F
LACEY,F
LACHANA,F
LACHELLE,F
LACHINA,F
LACHLANINA,F
LACHONDA,F
LACHRESA,F
LACI,F
LACOLE,F
LACORIA,F
LACRECIA,F
LACY,F
LACYNDORA,F
LADAISHA,F
LADAWN,F
LADIVA,F
LADON,F
LADONNA,F
LADONNE,F
LADONYA,F
LAETITIA,F
LAFAYETTE,F
LAFRAN,F
LAFRONDRA,F
LAILA,F
LAJESSICA,F
LAJOIA,F
LAJUAN,F
LAJUANA,F
LAJULIETTE,F
LAKAIYA,F
LAKE,F
LAKEA,F
LAKECIA,F
LAKEDIA,F
LAKEESH,F
LAKEISHA,F
LAKENDRIA,F
LAKENYA,F
LAKESHA,F
LAKESIA,F
LAKEYSHA,F
LAKIA,F
LAKIDA,F
LAKILA,F
LAKISHA,F
LAKITA,F
LAKIYA,F
LAKRESHA,F
LAKRISHA,F
LAKSHANA,F
LALA,F
LALAGE,F
LALLIE,F
LALLY,F
LAMEEKA,F
LAMONICA,F
LANA,F
LANATA,F
LANECIA,F
LANETTA,F
LANETTE,F
LANIECE,F
LANISHA,F
LANITA,F
LANORA,F
LANTY,F
LAPAULA,F
LAQUALIA,F
LAQUANA,F
LAQUANDA,F
LAQUEENA,F
LAQUELA,F
LAQUESHA,F
LAQUETA,F
LAQUILLA,F
LAQUINDA,F
LAQUISHA,F
LAQUITA,F
LARA,F
LARAINE,F
LARENA,F
LARESA,F
LARESHA,F
LARETHA,F
LARINA,F
LARINDA,F
LARINE,F
LARISA,F
LARISSA,F
LARITA,F
LARK,F
LARRAINE,F
LARUTH,F
LASEANA,F
LASHANA,F
LASHANDA,F
LASHANNA,F
LASHANNON,F
LASHANTA,F
LASHARON,F
LASHAUN,F
LASHAUNA,F
LASHAUNDA,F
LASHAUNIA,F
LASHAUNTA,F
LASHAWN,F
LASHAWNA,F
LASHAWNDA,F
LASHEA,F
LASHEBA,F
LASHELL,F
LASHENIA,F
LASHERRI,F
LASHON,F
LASHONA,F
LASHONDA,F
LASHUNDA,F
LASHUNDRA,F
LASONDA,F
LASONIA,F
LASONYA,F
LASTARR,F
LATAISHA,F
LATANIA,F
LATANYA,F
LATARISHA,F
LATARRA,F
LATASHA,F
LATASHIA,F
LATAVIS,F
LATEISHA,F
LATENNA,F
LATESHA,F
LATIA,F
LATICIA,F
LATINA,F
LATISHA,F
LATIVIA,F
LATOIA,F
LATONA,F
LATONIA,F
LATONYA,F
LATORA,F
LATOSHA,F
LATOSHIA,F
LATOYA,F
LATOYIA,F
LATRECIA,F
LATRICE,F
LATRICIA,F
LATRINA,F
LATRISHA,F
LATTIE,F
LAURA,F
LAURAINE,F
LAURAL,F
LAURE,F
LAUREEN,F
LAUREL,F
LAURENA,F
LAURENE,F
LAURENTIA,F
LAURETTA,F
LAURETTE,F
LAURI,F
LAURIANE,F
LAURIANNE,F
LAURICE,F
LAURICIA,F
LAURIE,F
LAURINA,F
LAURINDA,F
LAURINE,F
LAURRAINE,F
LAURY,F
LAVADA,F
LAVANNA,F
LAVEDA,F
LAVENA,F
LAVENIA,F
LAVERN,F
LAVERNA,F
LAVERNE,F
LAVERTA,F
LAVETTA,F
LAVETTE,F
LAVINA,F
LAVINIA,F
LAVINIE,F
LAVON,F
LAVONNE,F
LAWANDA,F
LAWANNA,F
LAWANZA,F
LAWRIE,F
LAYLA,F
LEA,F
LEAH,F
LEANDA,F
LEANDRA,F
LEANN,F
LEANNA,F
LEANNE,F
LEANORA,F
LEANORE,F
LEATHA,F
LEATRICE,F
LEDA,F
LEDENIA,F
LEDORA,F
LEE,F
LEEANDA,F
LEEANN,F
LEEANNA,F
LEESA,F
LEIGHANN,F
LEIGHANNE,F
LEILA,F
LEILAH,F
LEISA,F
LELA,F
LELAH,F
LELIA,F
LELLA,F
LELLIA,F
LEM,F
LENA,F
LENDA,F
LENEEN,F
LENETTE,F
LENIA,F
LENNA,F
LENNAH,F
LENNIS,F
LENOR,F
LENORA,F
LENORAH,F
LENORE,F
LENOX,F
LEOLA,F
LEOLINE,F
LEOMA,F
LEONA,F
LEONE,F
LEONI,F
LEONIA,F
LEONICIA,F
LEONIE,F
LEONINE,F
LEONORA,F
LEONORE,F
LEONTINE,F
LEORA,F
LEOTA,F
LEOTIS,F
LERA,F
LESA,F
LESLEE,F
LESLEY,F
LESLI,F
LESLY,F
LESLYE,F
LESSIE,F
LESSLIE,F
LETA,F
LETHA,F
LETICIA,F
LETITIA,F
LETTICE,F
LETTIE,F
LETTITIA,F
LETTY,F
LEUNA,F
LEVA,F
LEVANNA,F
LEVENIA,F
LEVERN,F
LEVERNE,F
LEVERTA,F
LEVETA,F
LEVINA,F
LEVINIA,F
LEVY,F
LEWANDA,F
LEXIE,F
LIA,F
LIAN,F
LIANA,F
LIANE,F
LIANNE,F
LIBBIE,F
LIBBY,F
LIDA,F
LIDDIE,F
LIDIA,F
LIESA,F
LIESE,F
LIESEL,F
LIESELOTTE,F
LIESL,F
LIGE,F
LIL,F
LILA,F
LILAC,F
LILAH,F
LILI,F
LILIA,F
LILIAN,F
LILIANA,F
LILIANE,F
LILIAS,F
LILIE,F
LILIOSA,F
LILITH,F
LILIUM,F
LILLA,F
LILLEY,F
LILLI,F
LILLIA,F
LILLIAM,F
LILLIAN,F
LILLIAS,F
LILLIE,F
LILLIN,F
LILLY,F
LILY,F
LINA,F
LINDA,F
LINDEY,F
LINDIA,F
LINDIE,F
LINDY,F
LINDZY,F
LINELL,F
LINET,F
LINETTE,F
LINNELL,F
LINNET,F
LINNETTE,F
LINSAY,F
LINSAYE,F
LINSEY,F
LINZI,F
LINZIE,F
LISA,F
LISANNE,F
LISBETH,F
LISE,F
LISEL,F
LISETTE,F
LISSIE,F
LITA,F
LITTIE,F
LIVINIA,F
LIZ,F
LIZA,F
LIZANNE,F
LIZBETH,F
LIZEY,F
LIZIE,F
LIZZEY,F
LIZZIE,F
LIZZY,F
LLINOS,F
LOCKIE,F
LOIS,F
LOLA,F
LOLITA,F
LOLLY,F
LOMA,F
LONA,F
LONIE,F
LONNA,F
LONZO,F
LOR,F
LORA,F
LORAIN,F
LORAINE,F
LORAN,F
LORANE,F
LORAYNE,F
LOREE,F
LOREEN,F
LORELEI,F
LORELLE,F
LORENA,F
LORENE,F
LORENZA,F
LORETTA,F
LORETTE,F
LORETTO,F
LOREY,F
LORI,F
LORIE,F
LORINA,F
LORINDA,F
LORINE,F
LORIS,F
LORITA,F
LORNA,F
LORRAIN,F
LORRAINE,F
LORRANE,F
LORRAYNE,F
LORRETTA,F
LORRETTE,F
LORRI,F
LORRIE,F
LORRINDA,F
LORRY,F
LORY,F
LOSSIE,F
LOTTA,F
LOTTE,F
LOTTEY,F
LOTTIE,F
LOTTY,F
LOTUS,F
LOUA,F
LOUANN,F
LOUANNA,F
LOUANNE,F
LOUELLA,F
LOUETTA,F
LOUISA,F
LOUISE,F
LOUIZA,F
LOURDES,F
LOUSE,F
LOUVENIA,F
LOVE,F
LOVEINA,F
LOVELL,F
LOVELLA,F
LOVENAH,F
LOVETA,F
LOVIE,F
LOVINA,F
LOVINIA,F
LOY,F
LOYCE,F
LUAN,F
LUANE,F
LUANN,F
LUANNA,F
LUANNE,F
LUBIE,F
LUCE,F
LUCETTA,F
LUCETTE,F
LUCIA,F
LUCIANA,F
LUCIE,F
LUCIENNE,F
LUCILE,F
LUCILLA,F
LUCILLE,F
LUCINA,F
LUCINDA,F
LUCINDE,F
LUCINIDA,F
LUCINNA,F
LUCRECE,F
LUCRECIA,F
LUCRETIA,F
LUCY,F
LUDIE,F
LUDMILLA,F
LUE,F
LUELLA,F
LULA,F
LULIE,F
LULU,F
LUNA,F
LUNDY,F
LUNED,F
LURA,F
LURLINE,F
LUSTER,F
LUTIE,F
LUVENIA,F
LYDA,F
LYDIA,F
LYLA,F
LYN,F
LYNDA,F
LYNDI,F
LYNDSAY,F
LYNDSEY,F
LYNDSY,F
LYNDY,F
LYNELLE,F
LYNETTA,F
LYNETTE,F
LYNNA,F
LYNNDA,F
LYNNE,F
LYNNELL,F
LYNNETTE,F
LYNSAY,F
LYNSDAY,F
LYNSEY,F
LYNSIE,F
LYNWEN,F
LYNWYN,F
LYRA,F
LYRIS,F
MABEL,F
MABELLE,F
MABLE,F
MABYN,F
MACIE,F
MACY,F
MADA,F
MADALAINA,F
MADALEINE,F
MADALENE,F
MADALIENE,F
MADALINE,F
MADALYN,F
MADALYNE,F
MADDALINE,F
MADDELENA,F
MADELAIN,F
MADELAINE,F
MADELEINE,F
MADELENA,F
MADELENE,F
MADELIENE,F
MADELIN,F
MADELINA,F
MADELINE,F
MADELLEN,F
MADELYN,F
MADELYNE,F
MADELYNNE,F
MADGE,F
MADIE,F
MADILYN,F
MADINE,F
MADLEN,F
MADLYN,F
MADOLINE,F
MADOLYN,F
MADONNA,F
MADRA,F
MADYLON,F
MAE,F
MAEBELLE,F
MAEVE,F
MAGDA,F
MAGDALEN,F
MAGDALENA,F
MAGDALENE,F
MAGDALINE,F
MAGDELENA,F
MAGDELENE,F
MAGDELINA,F
MAGDLEN,F
MAGGI,F
MAGGIE,F
MAGGY,F
MAGNOLIA,F
MAHALA,F
MAHALAH,F
MAHALIA,F
MAHELA,F
MAHLAH,F
MAIA,F
MAIDA,F
MAIDIE,F
MAIR,F
MAIRE,F
MAIRI,F
MAIRWEN,F
MAISEY,F
MAISIE,F
MAISY,F
MAIZIE,F
MAJORIE,F
MAL,F
MALENA,F
MALIA,F
MALIN,F
MALINA,F
MALINDA,F
MALISSA,F
MALISSIE,F
MALLIE,F
MALLY,F
MALTA,F
MALVA,F
MALVINA,F
MAMIE,F
MAMMIE,F
MAMY,F
MANDA,F
MANDI,F
MANDIE,F
MANDY,F
MANIE,F
MANUELA,F
MARA,F
MARABLE,F
MARAH,F
MARALIN,F
MARALYN,F
MARALYNE,F
MARALYNN,F
MARANDA,F
MARBELLA,F
MARCALLA,F
MARCELA,F
MARCELINE,F
MARCELLA,F
MARCELLE,F
MARCELLIN,F
MARCELLINA,F
MARCELYN,F
MARCENA,F
MARCENE,F
MARCI,F
MARCIA,F
MARCIANN,F
MARCIANNA,F
MARCIE,F
MARCILYN,F
MARCINA,F
MARCINE,F
MARCY,F
MARDIE,F
MAREA,F
MAREE,F
MARELLA,F
MARELLE,F
MARENA,F
MARETHA,F
MARETTA,F
MARETTE,F
MARGARENE,F
MARGARET,F
MARGARETA,F
MARGARETE,F
MARGARETHA,F
MARGARETHE,F
MARGARETT,F
MARGARETTA,F
MARGARETTE,F
MARGARITA,F
MARGARITE,F
MARGARITO,F
MARGARTE,F
MARGE,F
MARGELENE,F
MARGENE,F
MARGERET,F
MARGERETTA,F
MARGERIE,F
MARGERITA,F
MARGERY,F
MARGHARITA,F
MARGHERITA,F
MARGIE,F
MARGIORIE,F
MARGO,F
MARGORIE,F
MARGORY,F
MARGOT,F
MARGRET,F
MARGRETT,F
MARGRETTA,F
MARGRITA,F
MARGUARETTA,F
MARGUARITA,F
MARGUARITE,F
MARGUERETTE,F
MARGUERIT,F
MARGUERITA,F
MARGUERITE,F
MARGUITA,F
MARGURIETT,F
MARGURITA,F
MARGURITE,F
MARI,F
MARIA,F
MARIAE,F
MARIAM,F
MARIAMNE,F
MARIAN,F
MARIANA,F
MARIANE,F
MARIANN,F
MARIANNA,F
MARIANNE,F
MARIBETH,F
MARICE,F
MARIE,F
MARIEL,F
MARIELA,F
MARIELLA,F
MARIELLE,F
MARIETTA,F
MARIETTE,F
MARIGOLD,F
MARIJO,F
MARILEE,F
MARILLYN,F
MARILOU,F
MARILYN,F
MARILYNN,F
MARILYNNE,F
MARINA,F
MARINDA,F
MARIS,F
MARISA,F
MARISE,F
MARISHA,F
MARITA,F
MARJORI,F
MARJORIE,F
MARJORY,F
MARLA,F
MARLAINA,F
MARLAINE,F
MARLANE,F
MARLEA,F
MARLEE,F
MARLEEN,F
MARLENA,F
MARLENE,F
MARLEY,F
MARLIE,F
MARLINE,F
MARLO,F
MARLYN,F
MARLYNE,F
MARNA,F
MARNE,F
MARNEY,F
MARNI,F
MARNIA,F
MARNIE,F
MAROLEE,F
MAROLYN,F
MARQUERITE,F
MARQUITA,F
MARRIAN,F
MARRIANNE,F
MARRIETTA,F
MARRILYN,F
MARRILYNN,F
MARRILYNNE,F
MARRY,F
MARSAIL,F
MARSELLA,F
MARSELLE,F
MARSHA,F
MARSHIA,F
MARTA,F
MARTHA,F
MARTHE,F
MARTHENA,F
MARTINA,F
MARTINE,F
MARVA,F
MARVELL,F
MARVELLE,F
MARY,F
MARYALICE,F
MARYANN,F
MARYANNA,F
MARYANNE,F
MARYBETH,F
MARYELLEN,F
MARYJANE,F
MARYJO,F
MARYLIN,F
MARYLOU,F
MARYLYN,F
MARYLYNN,F
MARYSE,F
MARZALIE,F
MARZETTE,F
MASELLA,F
MASIE,F
MATHILDA,F
MATHILDE,F
MATILDA,F
MATTIE,F
MATTY,F
MATTYE,F
MAUD,F
MAUDE,F
MAUDIE,F
MAUDINE,F
MAUDLIN,F
MAURA,F
MAURE,F
MAUREEN,F
MAURELLA,F
MAURENE,F
MAURINE,F
MAVEN,F
MAVIA,F
MAVIES,F
MAVIN,F
MAVINE,F
MAVIS,F
MAVON,F
MAXEEN,F
MAXENA,F
MAXENE,F
MAXIE,F
MAXIMA,F
MAXINA,F
MAXINE,F
MAY,F
MAYA,F
MAYBEL,F
MAYBELL,F
MAYBELLE,F
MAYBERRY,F
MAYBETH,F
MAYDA,F
MAYDAY,F
MAYDEE,F
MAYE,F
MAYELENE,F
MAYELLA,F
MAYETTA,F
MAYME,F
MAYMIE,F
MAYNETTE,F
MAYO,F
MAYRENE,F
MAYSIE,F
MAZALA,F
MAZELLA,F
MAZEY,F
MAZIE,F
MAZILA,F
MEAGAN,F
MEAGHAN,F
MEDA,F
MEDIA,F
MEDINA,F
MEDORA,F
MEG,F
MEGAN,F
MEGGIE,F
MEGGY,F
MEGHAN,F
MEHALA,F
MEHALIA,F
MEHETABEL,F
MELADIA,F
MELAINE,F
MELANE,F
MELANI,F
MELANIE,F
MELANTHA,F
MELANY,F
MELBA,F
MELDA,F
MELEANA,F
MELETA,F
MELIA,F
MELICENT,F
MELINA,F
MELINDA,F
MELINDER,F
MELIORA,F
MELISA,F
MELISCENT,F
MELISSA,F
MELISSE,F
MELITA,F
MELLANIE,F
MELLICENT,F
MELLIE,F
MELLINDA,F
MELLISA,F
MELLISSA,F
MELLONEY,F
MELLONY,F
MELODIA,F
MELODIE,F
MELODY,F
MELONIE,F
MELONY,F
MELVA,F
MELVINA,F
MELYNDA,F
MENA,F
MENNA,F
MENTY,F
MERAB,F
MERCEDES,F
MERCIA,F
MEREDITH,F
MEREL,F
MERELYN,F
MERIAL,F
MERIAM,F
MERIDATH,F
MERIDETH,F
MERIDITH,F
MERIEL,F
MERIL,F
MERILYN,F
MERINA,F
MERION,F
MERLENE,F
MERRALL,F
MERRALYN,F
MERRIAL,F
MERRIDITH,F
MERRIEL,F
MERRIL,F
MERRILEE,F
MERRILY,F
MERRILYN,F
MERRION,F
MERRY,F
MERTIE,F
MERYL,F
MERYLE,F
MERYLL,F
MESSIE,F
META,F
METTABEL,F
MEYERS,F
MHAIRI,F
MHAIRIE,F
MHARI,F
MHARIE,F
MIA,F
MICAELA,F
MICHAELA,F
MICHAELLA,F
MICHALA,F
MICHELA,F
MICHELE,F
MICHELL,F
MICHELLE,F
MICKALA,F
MIDGE,F
MIGNON,F
MIGNONETTE,F
MIKKI,F
MILA,F
MILANA,F
MILDRED,F
MILENA,F
MILESSA,F
MILETA,F
MILICENT,F
MILLEY,F
MILLICENT,F
MILLIE,F
MILLY,F
MIMA,F
MIMI,F
MIMIE,F
MINA,F
MINDA,F
MINDY,F
MINERVA,F
MINETTA,F
MINETTE,F
MINIE,F
MINNA,F
MINNE,F
MINNEI,F
MINNIE,F
MINNY,F
MINTA,F
MINTY,F
MIQUE,F
MIRA,F
MIRABEL,F
MIRABELL,F
MIRABELLA,F
MIRABELLE,F
MIRAH,F
MIRAM,F
MIRANDA,F
MIRHAM,F
MIRIAIN,F
MIRIAM,F
MIRIAMA,F
MIRIAN,F
MIRRA,F
MIRRIAM,F
MIRRIAN,F
MIRYAM,F
MISSIE,F
MISSY,F
MISTY,F
MITTIE,F
MITZI,F
MITZIE,F
MIZELLE,F
MIZZIE,F
MODENE,F
MODESTA,F
MODESTINA,F
MODESTINE,F
MODESTY,F
MOINA,F
MOIRA,F
MOLL,F
MOLLEY,F
MOLLIE,F
MOLLY,F
MONA,F
MONICA,F
MONIE,F
MONIKA,F
MONIQUE,F
MONNIE,F
MONTA,F
MONTIE,F
MORAG,F
MOREEN,F
MORFYDD,F
MORIA,F
MORNA,F
MORREEN,F
MORVEN,F
MORWENNA,F
MOSSIE,F
MOUREEN,F
MOYA,F
MOYNA,F
MOYNE,F
MOYRA,F
MOZELL,F
MOZELLE,F
MUREEN,F
MURIAL,F
MURIEL,F
MURIELLE,F
MURNA,F
MURNIA,F
MURRIEL,F
MYCALA,F
MYFANWY,F
MYKELA,F
MYLEA,F
MYLIE,F
MYLINDA,F
MYRA,F
MYRIA,F
MYRIAM,F
MYRNA,F
MYRTHENE,F
MYRTIE,F
MYRTIS,F
MYRTLE,F
MYSIE,F
MYZEL,F
NADA,F
NADEEN,F
NADENA,F
NADENE,F
NADIA,F
NADINE,F
NADJA,F
NADYA,F
NAN,F
NANA,F
NANCE,F
NANCEE,F
NANCI,F
NANCIE,F
NANCY,F
NANCYE,F
NANETTE,F
NANIE,F
NANINE,F
NANNETTE,F
NANNIE,F
NANNY,F
NAOMA,F
NAOMI,F
NAOMIA,F
NAOMIE,F
NARA,F
NARDA,F
NARELLE,F
NATACHA,F
NATALIA,F
NATALIE,F
NATALYA,F
NATASHA,F
NATASHIA,F
NATHALIE,F
NEALIE,F
NEDA,F
NEILA,F
NEILLA,F
NELDA,F
NELIA,F
NELL,F
NELLA,F
NELLE,F
NELLEY,F
NELLIE,F
NELLY,F
NELMA,F
NELTA,F
NENA,F
NEOMA,F
NEORA,F
NERIDA,F
NERINA,F
NERISSA,F
NERYS,F
NESSIE,F
NESTA,F
NETA,F
NETTA,F
NETTIE,F
NETTY,F
NEVA,F
NEVADA,F
NEVENKA,F
NEWELL,F
NEWT,F
NICHOL,F
NICHOLA,F
NICHOLE,F
NICHOLETTE,F
NICHOLYN,F
NICKOL,F
NICKOLA,F
NICKOLE,F
NICOL,F
NICOLA,F
NICOLE,F
NICOLENA,F
NICOLENE,F
NICOLETTA,F
NICOLETTE,F
NICOLINA,F
NICOLINE,F
NICOLLA,F
NICOLLE,F
NICOLYN,F
NIKI,F
NIKKI,F
NIKOLA,F
NIKOLAS,F
NIKOLE,F
NILA,F
NINA,F
NINETTA,F
NINETTE,F
NINITA,F
NISSA,F
NITA,F
NOELA,F
NOELEEN,F
NOELENE,F
NOELINE,F
NOELLA,F
NOELLE,F
NOLA,F
NOLANA,F
NOLEEN,F
NOLITA,F
NOMA,F
NONA,F
NONNIE,F
NORA,F
NORAH,F
NOREEN,F
NOREENA,F
NORENE,F
NORINA,F
NORINE,F
NORMA,F
NORNA,F
NORVELLA,F
NOVA,F
NOVELLA,F
NUALA,F
NUBIA,F
NYDIA,F
NYKOLA,F
NYREE,F
OBERA,F
OBIE,F
OCTAVIA,F
ODA,F
ODELLA,F
ODELYN,F
ODESSA,F
ODETTE,F
ODILE,F
ODUS,F
OFELIA,F
OKIE,F
OLA,F
OLAMAE,F
OLAV,F
OLEF,F
OLEITA,F
OLENE,F
OLETA,F
OLETHA,F
OLETTA,F
OLGA,F
OLIE,F
OLIF,F
OLINDA,F
OLIVA,F
OLIVE,F
OLIVET,F
OLIVETTE,F
OLIVIA,F
OLLE,F
OLOF,F
OLOV,F
OLUF,F
OLWEN,F
OLWIN,F
OLWYN,F
OLWYNE,F
OLYMPIA,F
OMA,F
OMIE,F
ONA,F
ONIE,F
ONILLA,F
ONITA,F
OONA,F
OONAGH,F
OONIE,F
OPAL,F
OPALENE,F
OPALINE,F
OPHA,F
OPHELIA,F
OPHIA,F
ORA,F
ORALIA,F
ORALIE,F
ORANGETTA,F
ORBIE,F
OREAN,F
ORENE,F
ORIANA,F
ORIBEL,F
ORIE,F
ORIEL,F
ORINDA,F
ORINTHIA,F
ORIOLE,F
ORIS,F
ORLA,F
ORLAGH,F
ORLANTHA,F
ORLENA,F
ORPAH,F
ORPHA,F
ORPHY,F
ORVA,F
OSA,F
OSIE,F
OSSIE,F
OSYTH,F
OTA,F
OTHA,F
OTHEL,F
OTIE,F
OTTIE,F
OUIDA,F
OURELIA,F
OVA,F
OVAL,F
OVIE,F
OWDA,F
OWENA,F
OZELLA,F
PAGE,F
PAGET,F
PAIGE,F
PAM,F
PAMALA,F
PAMELA,F
PAMELIA,F
PAMELLA,F
PAMILA,F
PAMILIA,F
PAMMALA,F
PANDORA,F
PANSY,F
PARALEE,F
PARIS,F
PARTHENA,F
PARTHENIA,F
PARTHINA,F
PARTHINE,F
PASCHA,F
PATHENA,F
PATHENIA,F
PATHINA,F
PATIENCE,F
PATRICE,F
PATRICIA,F
PATSY,F
PATTEY,F
PATTI,F
PATTIE,F
PATTY,F
PAULA,F
PAULANN,F
PAULE,F
PAULEEN,F
PAULENE,F
PAULETTA,F
PAULETTE,F
PAULINA,F
PAULINE,F
PAULITA,F
PAULLEE,F
PAULYNE,F
PEACE,F
PEACHIE,F
PEARL,F
PEARLA,F
PEARLE,F
PEARLEAN,F
PEARLEE,F
PEARLEEN,F
PEARLENA,F
PEARLENE,F
PEARLEY,F
PEARLIE,F
PEARLINE,F
PEARLY,F
PEG,F
PEGG,F
PEGGEY,F
PEGGIE,F
PEGGOTTY,F
PEGGY,F
PENELOPE,F
PENNEY,F
PENNIE,F
PENNY,F
PEONY,F
PEPITA,F
PEPPE,F
PEPPO,F
PERDITA,F
PERL,F
PERLEY,F
PERLIE,F
PERLY,F
PERNEL,F
PERNELLE,F
PERNIE,F
PERONELLE,F
PETA,F
PETENA,F
PETERINA,F
PETERNELLA,F
PETRA,F
PETRICE,F
PETRINA,F
PETRONA,F
PETRONELLA,F
PETRONILLA,F
PETULA,F
PHAEDRA,F
PHEABE,F
PHEABY,F
PHEBE,F
PHEMIE,F
PHEOBE,F
PHEOBY,F
PHILANA,F
PHILIPA,F
PHILIPPA,F
PHILIS,F
PHILLINA,F
PHILLIPINA,F
PHILLIPPA,F
PHILLIS,F
PHILLISS,F
PHILLYS,F
PHILOMENA,F
PHILOMENE,F
PHILOMINA,F
PHOEBE,F
PHYLIS,F
PHYLISS,F
PHYLLIS,F
PHYLLISS,F
PHYLLS,F
PIERRETTE,F
PINA,F
PIPPA,F
PIXIE,F
PLEASANCE,F
PLEASANT,F
PLEASANTS,F
PLEASENCE,F
PLUMA,F
POLL,F
POLLEY,F
POLLIE,F
POLLY,F
POLLYANN,F
POLLYANNA,F
POPPY,F
PORTIA,F
POSEY,F
PRECILLA,F
PREOLA,F
PRESCILLA,F
PRICIE,F
PRICILLA,F
PRIMROSE,F
PRIMULA,F
PRISCELLA,F
PRISCILLA,F
PRISCILLE,F
PRISS,F
PRISSILLA,F
PRU,F
PRUDENCE,F
PRUDIE,F
PRUE,F
PRUNELLA,F
PURLY,F
QUEAN,F
QUEENA,F
QUEENETTE,F
QUEENIE,F
QUEENY,F
QUENDY,F
QUIANA,F
QUIANNA,F
QUINELLA,F
QUINETTA,F
QUINTINA,F
QUINTONA,F
RACHAEL,F
RACHEAL,F
RACHEL,F
RACHELE,F
RACHELL,F
RACHELLE,F
RAE,F
RAELENE,F
RAFAELA,F
RAINA,F
RAINE,F
RAINELL,F
RAINELLE,F
RAINY,F
RALPHINA,F
RALPHINE,F
RAMIE,F
RAMONA,F
RANA,F
RANDI,F
RANEE,F
RANI,F
RAPHAELA,F
RAQUEL,F
RASHEDA,F
RASHEEDA,F
RASHEEDAH,F
RASHEIDA,F
RASHIDA,F
RAVEN,F
RAYANN,F
RAYCENE,F
RAYE,F
RAYETTA,F
RAYLEEN,F
RAYLENA,F
RAYLENE,F
RAYMA,F
RAYNA,F
RAYNELLE,F
RAYNETTE,F
RAYONA,F
REBA,F
REBBECCA,F
REBBIE,F
REBECA,F
REBECCA,F
REBECCAH,F
REBECKA,F
REBECKAH,F
REBEKAH,F
REBEKKA,F
REBI,F
REBY,F
REENIE,F
REGENA,F
REGIENA,F
REGINA,F
REGINIA,F
REGINNA,F
REINE,F
REJEAN,F
RELLA,F
RENA,F
RENATA,F
RENATE,F
RENAY,F
RENE,F
RENEE,F
RENEETA,F
RENEY,F
RENIE,F
RENITA,F
RENNIE,F
RENNY,F
RESSIE,F
RETA,F
RETHA,F
RETTA,F
REUBENA,F
REUBINA,F
REVA,F
RHEA,F
RHIAN,F
RHIANNON,F
RHIANON,F
RHODA,F
RHONA,F
RHONDA,F
RHONWEN,F
RHOWEN,F
RIA,F
RICA,F
RICARDA,F
RICHENDA,F
RICHMAL,F
RIKA,F
RIKKI,F
RILDA,F
RINA,F
RINDA,F
RINDETTA,F
RISSIE,F
RITA,F
ROBENA,F
ROBERTA,F
ROBERTINA,F
ROBINA,F
ROBINE,F
ROBINETTE,F
ROBYN,F
ROCHELE,F
ROCHELLE,F
RODA,F
ROIS,F
ROISIN,F
ROLANDA,F
ROLLA,F
ROMA,F
ROMAINE,F
ROMAYNE,F
ROMI,F
ROMONA,F
ROMY,F
RONA,F
RONDA,F
RONELLA,F
RONELLE,F
RONI,F
RONNA,F
RONNE,F
RONNETTE,F
RONNI,F
ROSA,F
ROSABEL,F
ROSABELL,F
ROSABELLA,F
ROSABELLE,F
ROSAIRE,F
ROSALEA,F
ROSALEE,F
ROSALEEN,F
ROSALENE,F
ROSALIA,F
ROSALIE,F
ROSALIN,F
ROSALINA,F
ROSALIND,F
ROSALINDA,F
ROSALINE,F
ROSALYN,F
ROSALYND,F
ROSALYNDE,F
ROSALYNE,F
ROSALYNN,F
ROSALYNNE,F
ROSAMOND,F
ROSAMUND,F
ROSAN,F
ROSANA,F
ROSANN,F
ROSANNA,F
ROSANNAH,F
ROSANNE,F
ROSARIA,F
ROSARIO,F
ROSE,F
ROSEANA,F
ROSEANN,F
ROSEANNA,F
ROSEANNAH,F
ROSEANNE,F
ROSEHANNAH,F
ROSELIA,F
ROSELIN,F
ROSELIND,F
ROSELINE,F
ROSELLA,F
ROSELLE,F
ROSELYN,F
ROSEMARIA,F
ROSEMARIE,F
ROSEMARY,F
ROSENA,F
ROSENAH,F
ROSENDO,F
ROSETTA,F
ROSEY,F
ROSHEEN,F
ROSHELE,F
ROSHELLE,F
ROSIE,F
ROSILYN,F
ROSINA,F
ROSITA,F
ROSLIN,F
ROSLYN,F
ROSLYNE,F
ROSLYNN,F
ROSSALYN,F
ROSSELYN,F
ROSSIE,F
ROSSLYN,F
ROSSLYNN,F
ROSY,F
ROWENA,F
ROXANA,F
ROXANE,F
ROXANN,F
ROXANNA,F
ROXANNE,F
ROXIANNE,F
ROXIE,F
ROXY,F
ROYALENE,F
ROYALYN,F
ROZA,F
ROZALYN,F
ROZANNA,F
ROZELLA,F
ROZENA,F
ROZINA,F
ROZLYN,F
RUBE,F
RUBENA,F
RUBENIA,F
RUBEY,F
RUBI,F
RUBIE,F
RUBINA,F
RUBINE,F
RUBLE,F
RUBY,F
RUBYE,F
RUBYNA,F
RUDELL,F
RUIE,F
RUTH,F
RUTHALMA,F
RUTHANN,F
RUTHANNE,F
RUTHELLA,F
RUTHETTA,F
RUTHIE,F
RUTHINA,F
RUTHINE,F
RUTHVEN,F
SABA,F
SABINA,F
SABINE,F
SABRA,F
SABRAH,F
SABRE,F
SABRINA,F
SACHA,F
SADIE,F
SADYE,F
SAFFRON,F
SAIDEE,F
SALENA,F
SALINA,F
SALINAH,F
SALLEY,F
SALLIAN,F
SALLIANNE,F
SALLIE,F
SALLY,F
SALLYANN,F
SALLYANNE,F
SALLYE,F
SALOME,F
SAMALA,F
SAMANNTHA,F
SAMANTHA,F
SAMARA,F
SAMARIA,F
SAMARIE,F
SAMELLA,F
SAMENTHA,F
SAMMIE,F
SAMUELA,F
SAMUELLA,F
SAN,F
SANCHA,F
SANCHIA,F
SANCIA,F
SANDI,F
SANDRA,F
SANDREA,F
SANDRELL,F
SANDRIA,F
SANDRINA,F
SAPPHIRA,F
SAPPHIRE,F
SARA,F
SARABELLE,F
SARAH,F
SARAHJANE,F
SARAI,F
SARAJANE,F
SARANN,F
SARENA,F
SARINA,F
SARITA,F
SARRA,F
SASCHA,F
SASHA,F
SASKIA,F
SAUNDRA,F
SAVANAH,F
SAVANNAH,F
SAVINA,F
SCARLET,F
SCARLETT,F
SEBINA,F
SEBRA,F
SEELIA,F
SELENA,F
SELENE,F
SELENIA,F
SELIA,F
SELIMA,F
SELINA,F
SELINDA,F
SELMA,F
SENA,F
SENGA,F
SEONAID,F
SEPHRONIA,F
SERAPHINA,F
SERAPHINE,F
SEREENA,F
SERENA,F
SERENAH,F
SERENNA,F
SERINA,F
SEVELLA,F
SEVILLA,F
SHAARON,F
SHADE,F
SHAFAYE,F
SHAITA,F
SHAJUAN,F
SHAJUANA,F
SHAKEENA,F
SHAKELA,F
SHAKETA,F
SHAKEYA,F
SHAKIA,F
SHAKIRAH,F
SHAKIRRA,F
SHALANDA,F
SHALAUN,F
SHALAY,F
SHALAYA,F
SHALENA,F
SHALETA,F
SHALETTA,F
SHALIKA,F
SHALINDA,F
SHALINI,F
SHALISA,F
SHALONDA,F
SHALONDE,F
SHALYN,F
SHAMEKA,F
SHAMICA,F
SHAMIKA,F
SHAMITA,F
SHANA,F
SHANAE,F
SHANAY,F
SHANDA,F
SHANEA,F
SHANEEN,F
SHANEKA,F
SHANEKIA,F
SHANEL,F
SHANELL,F
SHANELLE,F
SHANEQUA,F
SHANETHA,F
SHANETHIS,F
SHANETTA,F
SHANETTE,F
SHANI,F
SHANIA,F
SHANICKA,F
SHANIDA,F
SHANIKA,F
SHANISHA,F
SHANITA,F
SHANITHA,F
SHANITRA,F
SHANN,F
SHANNA,F
SHANNAH,F
SHANNAN,F
SHANNEL,F
SHANNIE,F
SHANON,F
SHANTA,F
SHANTALE,F
SHANTE,F
SHANTEKA,F
SHANTEL,F
SHANTELE,F
SHANTELLE,F
SHANTIA,F
SHANTILLI,F
SHANTINA,F
SHANTRICE,F
SHARA,F
SHARAN,F
SHARANE,F
SHAREN,F
SHARENE,F
SHARI,F
SHARIE,F
SHARIN,F
SHARLA,F
SHARLENE,F
SHARON,F
SHARONA,F
SHARONDA,F
SHARONE,F
SHARRAN,F
SHARREN,F
SHARRON,F
SHARRONDA,F
SHARRONNE,F
SHARYN,F
SHAUNA,F
SHAUNEEN,F
SHAUNETTE,F
SHAVON,F
SHAVONE,F
SHAVONNE,F
SHAYLA,F
SHEBA,F
SHEELA,F
SHEELAGH,F
SHEELAH,F
SHEENA,F
SHEENAGH,F
SHEENAH,F
SHEILA,F
SHEILAH,F
SHELAGH,F
SHELAH,F
SHELIA,F
SHELLI,F
SHELLIE,F
SHELLY,F
SHELTON,F
SHENA,F
SHEONA,F
SHERALYN,F
SHEREE,F
SHEREEN,F
SHEREN,F
SHERENE,F
SHERI,F
SHERIAN,F
SHERICIA,F
SHERIDA,F
SHERIDAWN,F
SHERIE,F
SHERILYN,F
SHERLE,F
SHERLEAN,F
SHERLEEN,F
SHERLEY,F
SHERLIE,F
SHERLINE,F
SHERON,F
SHERRALYN,F
SHERRALYNN,F
SHERREE,F
SHERRI,F
SHERRIE,F
SHERRILL,F
SHERRITA,F
SHERRON,F
SHERRY,F
SHERRYLYN,F
SHERRYLYNN,F
SHERRYN,F
SHERVAN,F
SHERYL,F
SHERYLL,F
SHERYVONN,F
SHEVON,F
SHEVONNE,F
SHIELA,F
SHIONA,F
SHIRLEAN,F
SHIRLEE,F
SHIRLEEN,F
SHIRLENE,F
SHIRLEY,F
SHIRLIE,F
SHIRLY,F
SHIRLYNN,F
SHIVOHN,F
SHIVON,F
SHONA,F
SHONAGH,F
SHONAH,F
SHONE,F
SHONNA,F
SHOSHANA,F
SHOSHANNA,F
SHUNA,F
SHURLEY,F
SHURLY,F
SHUSHANA,F
SIAN,F
SIBBELLA,F
SIBBY,F
SIBELL,F
SIBELLA,F
SIBILLA,F
SIBYL,F
SIBYLLA,F
SIDONIA,F
SIDONIE,F
SIDONY,F
SILE,F
SILENCE,F
SILL,F
SILVA,F
SILVANA,F
SILVANIA,F
SILVIA,F
SILVIV,F
SIM,F
SIMONA,F
SIMONIA,F
SIMONNE,F
SIMPSON,F
SINA,F
SINAH,F
SINDY,F
SINE,F
SINEAD,F
SIOBHAN,F
SISIE,F
SISSEY,F
SISSIE,F
SNOWDROP,F
SOFIA,F
SOFRONA,F
SOFRONIA,F
SONDRA,F
SONIA,F
SONJA,F
SONYA,F
SOPHIA,F
SOPHIE,F
SOPHRONIA,F
SOPHY,F
SORAYA,F
SORCHA,F
SORRELLE,F
SQUIRE,F
STACE,F
STACI,F
STACIA,F
STACIE,F
STANISLAS,F
STANISLAWA,F
STARLA,F
STARLING,F
STARR,F
STASIA,F
STEFANI,F
STEFANIA,F
STEFANIE,F
STELLA,F
STEPHANIE,F
STEPHANNIE,F
STEPHANY,F
STEPHENA,F
STEPHENE,F
STEPHENIE,F
STEPHIE,F
STEPHNE,F
STEPHNEY,F
STEVIE,F
STORM,F
STORME,F
STORMEY,F
STORMIE,F
STORMY,F
STROTHER,F
SUDA,F
SUDIE,F
SUE,F
SUKEY,F
SUKIE,F
SULA,F
SUSAN,F
SUSANA,F
SUSANAH,F
SUSANN,F
SUSANNA,F
SUSANNAH,F
SUSANNE,F
SUSETTE,F
SUSEY,F
SUSIE,F
SUSON,F
SUSY,F
SUSZANNE,F
SUZAN,F
SUZANA,F
SUZANE,F
SUZANN,F
SUZANNA,F
SUZANNAH,F
SUZANNE,F
SUZETTE,F
SUZIE,F
SUZY,F
SUZZANE,F
SUZZANNE,F
SUZZETTE,F
SYBEL,F
SYBELLA,F
SYBIL,F
SYBILLA,F
SYBILLE,F
SYBLE,F
SYDONIA,F
SYLVA,F
SYLVIA,F
SYLVIE,F
SYMANTHA,F
SYNDONIA,F
TABATHA,F
TABITHA,F
TABOTHA,F
TACEY,F
TAFFY,F
TAFT,F
TALETHA,F
TALICIA,F
TALISHA,F
TALITA,F
TALITHA,F
TALLULA,F
TALLULAH,F
TALMAGE,F
TAMAH,F
TAMARA,F
TAMARIS,F
TAMARRA,F
TAMASINE,F
TAMEKA,F
TAMER,F
TAMI,F
TAMIE,F
TAMIKA,F
TAMIKO,F
TAMMARA,F
TAMMERA,F
TAMMI,F
TAMMIE,F
TAMMY,F
TAMOR,F
TAMOUR,F
TAMRA,F
TAMSIN,F
TAMSYN,F
TAMYRA,F
TAMZEN,F
TAMZIN,F
TANA,F
TANDY,F
TANEISHA,F
TANESHA,F
TANESHEA,F
TANESHIA,F
TANIA,F
TANICHA,F
TANIESHA,F
TANIS,F
TANISH,F
TANISHA,F
TANITA,F
TANITH,F
TANITHA,F
TANJA,F
TANNIA,F
TANSEY,F
TANSY,F
TANYA,F
TARA,F
TARAN,F
TARIN,F
TARINA,F
TARNIA,F
TARNYA,F
TARRYN,F
TARYN,F
TARYNA,F
TASHA,F
TASMIN,F
TASMINE,F
TATIANA,F
TAYMA,F
TEENA,F
TEGWEN,F
TEGWYN,F
TENA,F
TENECIA,F
TENEISHA,F
TENESHA,F
TENIESHA,F
TENISHA,F
TENNIE,F
TERALL,F
TERASA,F
TEREE,F
TEREENA,F
TERELYN,F
TERENA,F
TERESA,F
TERESE,F
TERESIA,F
TERESITA,F
TERESSA,F
TEREZA,F
TERI,F
TERILYN,F
TERINA,F
TERISE,F
TERRAL,F
TERRALL,F
TERREE,F
TERRENE,F
TERRESIA,F
TERRI,F
TERRICIA,F
TERRIE,F
TERRIEL,F
TERRINA,F
TERRISE,F
TERRYL,F
TERSIA,F
TERTIA,F
TERYL,F
TERZA,F
TESS,F
TESSA,F
TESSIE,F
TETTY,F
THAIS,F
THALIA,F
THAMA,F
THAMAR,F
THAMER,F
THEA,F
THEDA,F
THEKIA,F
THELMA,F
THEODORA,F
THEODOSIA,F
THEOLA,F
THEOPHILA,F
THERESA,F
THERESE,F
THERESIA,F
THERESSA,F
THEREZA,F
THERSA,F
THERSEA,F
THERZA,F
THETIS,F
THETTA,F
THIRSA,F
THIRZA,F
THOMASA,F
THOMASENA,F
THOMASIN,F
THOMASINA,F
THOMASINE,F
THOMAZINE,F
THORA,F
THURSA,F
THURZA,F
THYRA,F
THYRZA,F
TIA,F
TIANA,F
TIARA,F
TIFANI,F
TIFFANEY,F
TIFFANI,F
TIFFANIE,F
TIFFANY,F
TIFFINEY,F
TIFFINI,F
TIFFINY,F
TIFFNEY,F
TILDA,F
TILLEY,F
TILLIE,F
TILLY,F
TIMOTHEA,F
TINA,F
TINY,F
TIRZA,F
TIRZAH,F
TISHA,F
TISHIE,F
TOINETTE,F
TOMASINA,F
TOMASINE,F
TOMETTA,F
TOMINA,F
TOMMIE,F
TOMMINA,F
TOMMYE,F
TONIA,F
TONIE,F
TONJA,F
TONYA,F
TONYIA,F
TOOTS,F
TOPSEY,F
TOPSIE,F
TOPSY,F
TORETHA,F
TOTTIE,F
TOTTY,F
TOY,F
TRACEE,F
TRACI,F
TRACIE,F
TREENA,F
TREESY,F
TREINA,F
TRELLA,F
TRENA,F
TRESA,F
TRESSA,F
TRESSIE,F
TREVA,F
TREVINA,F
TREZA,F
TRICHIA,F
TRICIA,F
TRILBY,F
TRIMBLE,F
TRINA,F
TRINETTE,F
TRINITA,F
TRIPHENA,F
TRIS,F
TRISA,F
TRISH,F
TRISHA,F
TRISSIE,F
TRISSINA,F
TRISTA,F
TRIXIE,F
TRUDE,F
TRUDI,F
TRUDIE,F
TRUDY,F
TRUDYE,F
TRUET,F
TRYPHENA,F
TRYPHENE,F
TRYPHENIA,F
TRYPHINA,F
TULA,F
TWILA,F
TWYLA,F
TYRA,F
UDELE,F
ULA,F
ULRICA,F
UNA,F
UNDINE,F
UNICE,F
UNITA,F
URA,F
URANIA,F
URBANA,F
URENA,F
URIA,F
URINA,F
URSA,F
URSEL,F
URSELLA,F
URSULA,F
VADA,F
VADIE,F
VADIS,F
VALARIE,F
VALDA,F
VALENCE,F
VALENCIA,F
VALENTIA,F
VALENTINA,F
VALERE,F
VALEREY,F
VALERIA,F
VALERIE,F
VALERY,F
VALLERIE,F
VALLIE,F
VALORIE,F
VANDA,F
VANECIA,F
VANESA,F
VANESSA,F
VANESSE,F
VANETIA,F
VANETTA,F
VANICIA,F
VANNETTA,F
VANNIE,F
VANYA,F
VARANDA,F
VASHTI,F
VEDA,F
VEEDA,F
VEENIE,F
VEINA,F
VELDA,F
VELIA,F
VELMA,F
VELVET,F
VELZORIA,F
VENA,F
VENDYA,F
VENECIA,F
VENESA,F
VENESSA,F
VENETA,F
VENETIA,F
VENETTA,F
VENEZIA,F
VENIA,F
VENICIA,F
VENISE,F
VENITA,F
VENITIA,F
VENUS,F
VEOLA,F
VERA,F
VERANDA,F
VERBLE,F
VERDA,F
VERDIE,F
VERENA,F
VERGIA,F
VERGIE,F
VERINA,F
VERITA,F
VERITY,F
VERLA,F
VERLIE,F
VERMA,F
VERNA,F
VERNETTA,F
VERNIA,F
VERNICE,F
VERNIE,F
VERNITA,F
VERONA,F
VERONICA,F
VERONICE,F
VERONIKA,F
VERONIQUE,F
VERSA,F
VERSIE,F
VERTIE,F
VERVA,F
VESSIE,F
VESSY,F
VEST,F
VESTA,F
VESTAL,F
VETA,F
VICCY,F
VICIE,F
VICKEY,F
VICKI,F
VICKIE,F
VICKKI,F
VICKY,F
VICTORIA,F
VICTORINE,F
VICY,F
VIDA,F
VIDETTE,F
VIKKI,F
VILMA,F
VINA,F
VINCENTIA,F
VINCETTA,F
VINEY,F
VINIA,F
VIOLA,F
VIOLET,F
VIOLETTA,F
VIOLETTE,F
VIRA,F
VIRDIE,F
VIRGIE,F
VIRGINIA,F
VITA,F
VIVA,F
VIVIA,F
VIVIAN,F
VIVIANE,F
VIVIANNE,F
VIVIENNE,F
VIVYAN,F
VOLA,F
VOLNEY,F
VONDA,F
VONNIE,F
VYVIAN,F
VYVYAN,F
WALDA,F
WANDA,F
WANETA,F
WANITA,F
WAVIE,F
WAYNETTE,F
WENDA,F
WENDELLE,F
WENDI,F
WENDIE,F
WENDY,F
WENONA,F
WILBERLINE,F
WILDA,F
WILEEN,F
WILFRIDA,F
WILHELMIN,F
WILHELMINA,F
WILHELMINE,F
WILLA,F
WILLAMAY,F
WILLEEN,F
WILLENA,F
WILLETTA,F
WILLIA,F
WILLIAM,F
WILLIAMINA,F
WILLODEAN,F
WILMA,F
WINDY,F
WINEFRED,F
WINEFRIDA,F
WINEFRIDE,F
WINIFREDA,F
WINIFREDE,F
WINIFRID,F
WINIFRIDE,F
WINIFRYDE,F
WINNAFRED,F
WINNIE,F
WINNIFRED,F
WINNIFRID,F
WINONA,F
WYLMA,F
WYNIFRED,F
WYNNE,F
WYNONA,F
XANTHE,F
XANTHIPPE,F
XANTIPPE,F
XENIA,F
XYLINA,F
YALANDA,F
YALINDA,F
YALONDA,F
YASMIN,F
YASMINE,F
YETTA,F
YETTE,F
YIESHA,F
YLONDA,F
YOLA,F
YOLAND,F
YOLANDA,F
YOLANDE,F
YOLETTE,F
YOLONDA,F
YOULANDA,F
YSANNE,F
YULANDA,F
YULONDA,F
YVETTE,F
YVON,F
YVONE,F
YVONNE,F
ZABRINA,F
ZADA,F
ZADIE,F
ZAIDA,F
ZAIRA,F
ZAKARIA,F
ZANA,F
ZANDRA,F
ZANNA,F
ZARA,F
ZARITA,F
ZEDA,F
ZELDA,F
ZELENE,F
ZELIA,F
ZELIE,F
ZELINA,F
ZELINE,F
ZELLA,F
ZELMA,F
ZELPHA,F
ZELTA,F
ZENA,F
ZENDA,F
ZENIA,F
ZENOBIA,F
ZERLINA,F
ZERLINE,F
ZETA,F
ZETTA,F
ZETTIE,F
ZIA,F
ZILAH,F
ZILLA,F
ZILLAH,F
ZILPAH,F
ZILPHA,F
ZINA,F
ZINNIA,F
ZIPORAH,F
ZIPPORAH,F
ZITA,F
ZOE,F
ZOEE,F
ZOEY,F
ZOIE,F
ZOLA,F
ZOLLIE,F
ZONA,F
ZONIA,F
ZORA,F
ZORAH,F
ZORANA,F
ZOWIE,F
ZUBA,F
ZULA,F
ZYLLA,F
ZYLPHA,F
